height,weight,original,MLEValue,squareParzen(1 std),squareParzen(2 std),squareParzen(3 std),roundParzen(1 std),roundParzen(2 std),roundParzen(3 std),squareKNN(k=3),squareKNN(k=5),squareKNN(k=7),roundKNN(k=3),roundKNN(k=5),roundKNN(k=7),MLEvalueError,squareParzenError(1 std),squareParzenError(2 std),squareParzenError(3 std),roundParzenError(1 std),roundParzenError(2 std),roundParzenError(3 std),squareKNNError(k=3),squareKNNError(k=5),squareKNNError(k=7),roundKNNError(k=3),roundKNNError(k=5),roundKNNError(k=7)
134.941684766872810996574116870760917663574218750,25.273593128807156915627274429425597190856933594,0.000000000000000000000000377168899496874237398,0.000000000000000000000000428392444865854384491,0.000000000000000000000000000000000000000000000,0.000000000000000000000000000000000000000000000,0.000000000000000000000000000000000000000000000,0.000000000000000000000000000000000000000000000,0.000000000000000000000000000000000000000000000,0.000000000000000000000000000000000000000000000,0.000000000307783875187412595748103478327482863,0.000000000412647680688759042107818850633857606,0.000000000521562294236248210640387544523560032,0.000000163109266193387118265052540891368870746,0.000000246023865611004483411967860145841413555,0.000000323784659589274062724045723932198015405,0.135810628705892527667842273331189062446355820,-1.000000000000000000000000000000000000000000000,-1.000000000000000000000000000000000000000000000,-1.000000000000000000000000000000000000000000000,-1.000000000000000000000000000000000000000000000,-1.000000000000000000000000000000000000000000000,-1.000000000000000000000000000000000000000000000,816037259694480.500000000000000000000000000000000000000000000,1094066030468608.375000000000000000000000000000000000000000000,1382834838535169.750000000000000000000000000000000000000000000,432456828786698112.000000000000000000000000000000000000000000000,652290965504284416.000000000000000000000000000000000000000000000,858460652564905856.000000000000000000000000000000000000000000000
134.941684766872810996574116870760917663574218750,67.700000000000002842170943040400743484497070312,0.000000000000027158008641464845235679440900717,0.000000000000027104342564147379505538060462804,0.000000000000000000000000000000000000000000000,0.000000184302445193621465879466178247603203033,0.000000300344725500716421739472910060197996529,0.000000000000000000000000000000000000000000000,0.000000000000000000000000000000000000000000000,0.000000215282048626718377766324497013528116440,0.000000002370218914302110132060572321227240322,0.000000002869971924459511460429446565493193100,0.000000002847762353082288397354275796846158342,0.000000661580178723674704435362380061658171826,0.000000919440735332833760622280819957419240041,0.000001101888081739182838729722464787830205069,-0.001976068202420544397263091340732898970600218,-1.000000000000000000000000000000000000000000000,6786300.883424122817814350128173828125000000000000000,11059157.624839309602975845336914062500000000000000000,-1.000000000000000000000000000000000000000000000,-1.000000000000000000000000000000000000000000000,7927017.930910336785018444061279296875000000000000000,87274.136612308881012722849845886230468750000000000,105675.817558620212366804480552673339843750000000000,104858.026693670195527374744415283203125000000000000,24360407.285369433462619781494140625000000000000000000,33855232.919066943228244781494140625000000000000000000,40573227.187902554869651794433593750000000000000000000
134.941684766872810996574116870760917663574218750,110.126406871192841663287254050374031066894531250,0.000000000000000000000000377168899496876900627,0.000000000000000000000000416229840935223553699,0.000000000000000000000000000000000000000000000,0.000000000000000000000000000000000000000000000,0.000000000000000000000000000000000000000000000,0.000000000000000000000000000000000000000000000,0.000000000000000000000000000000000000000000000,0.000000000000000000000000000000000000000000000,0.000000000288514531280784629142040140079754698,0.000000000400888593407503607700536925052521922,0.000000000488870534535197694227146230445870539,0.000000152935791484582490083120017224094233654,0.000000235356254223311741268046285921466953539,0.000000315824264049760897062047153988073588948,0.103563526819024406822045136777887819334864616,-1.000000000000000000000000000000000000000000000,-1.000000000000000000000000000000000000000000000,-1.000000000000000000000000000000000000000000000,-1.000000000000000000000000000000000000000000000,-1.000000000000000000000000000000000000000000000,-1.000000000000000000000000000000000000000000000,764947830178064.000000000000000000000000000000000000000000000,1062888785216032.250000000000000000000000000000000000000000000,1296158127532053.500000000000000000000000000000000000000000000,405483569002085376.000000000000000000000000000000000000000000000,624007585294716544.000000000000000000000000000000000000000000000,837355000560898688.000000000000000000000000000000000000000000000
182.900000000000005684341886080801486968994140625,25.273593128807156915627274429425597190856933594,0.000000000000027158008641465037717740314827598,0.000000000000036969774709616427779512973170862,0.000000000000000000000000000000000000000000000,0.000000061434148397873821959822059415867734344,0.000000218432527636884667949636698071336216032,0.000000000000000000000000000000000000000000000,0.000000207593404032907026038798337617963252200,0.000000369054940502945782893762108681223743645,0.000000002722053596971391545892275952477426526,0.000000003282634564062030366007582509466425358,0.000000003929013198928677906028570135897604043,0.000000725423413268719812319691633145657405635,0.000000995591293325449025784041820474890016612,0.000001303700645170675039073542034184782778539,0.361284444588132080955489300322369672358036041,-1.000000000000000000000000000000000000000000000,2262099.627808024641126394271850585937500000000000000,8043023.454428531229496002197265625000000000000000000,-1.000000000000000000000000000000000000000000000,7643910.111949200741946697235107421875000000000000000,13589174.310131911188364028930664062500000000000000000,100229.235320543390116654336452484130859375000000000,120870.695984737292747013270854949951171875000000000,144671.359847836283734068274497985839843750000000000,26711214.201586551964282989501953125000000000000000000,36659214.573168836534023284912109375000000000000000000,48004278.782876856625080108642578125000000000000000000
182.900000000000005684341886080801486968994140625,110.126406871192841663287254050374031066894531250,0.000000000000027158008641465230199801188754478,0.000000000000034009085659476520371218663820412,0.000000000000000000000000000000000000000000000,0.000000122868296795747643919644118831735468689,0.000000300344725500716421739472910060197996529,0.000000000000000000000000000000000000000000000,0.000000069197801344302337601302845589840151419,0.000000492073254003927675231976675979117530346,0.000000004643300187393916713022939089794416390,0.000000004374339435812519744589780694475969480,0.000000004853766078153935730582170586478937824,0.000000900167628170885050474807516363018322636,0.000001073509900119704486227468522019368180054,0.000001415348816294945843256305149926443931463,0.252267281760525152733976028684992343187332153,-1.000000000000000000000000000000000000000000000,4524200.255616017617285251617431640625000000000000000,11059157.624839151278138160705566406250000000000000000,-1.000000000000000000000000000000000000000000000,2547969.370649715885519981384277343750000000000000000,18118899.413509089499711990356445312500000000000000000,170972.514615665131714195013046264648437500000000000,161068.962586789857596158981323242187500000000000000,178722.195144107041414827108383178710937500000000000,33145567.220951832830905914306640625000000000000000000,39528298.526374496519565582275390625000000000000000000,52115337.608957186341285705566406250000000000000000000
230.858315233127200372109655290842056274414062500,25.273593128807156915627274429425597190856933594,0.000000000000000000000000377168899496874237398,0.000000000000000000000000472432538131432159618,0.000000000000000000000000000000000000000000000,0.000000000000000000000000000000000000000000000,0.000000000000000000000000000000000000000000000,0.000000000000000000000000000000000000000000000,0.000000000000000000000000000000000000000000000,0.000000000000000000000000000000000000000000000,0.000000000283933657499282605213273133218593661,0.000000000400657300877364944276817648890175183,0.000000000508609459498189472997659218696329259,0.000000159905161832507579484186988408311869136,0.000000252121417303182012160494554139922307456,0.000000325454114862193977162068293101926386157,0.252575540458492731055173408094560727477073669,-1.000000000000000000000000000000000000000000000,-1.000000000000000000000000000000000000000000000,-1.000000000000000000000000000000000000000000000,-1.000000000000000000000000000000000000000000000,-1.000000000000000000000000000000000000000000000,-1.000000000000000000000000000000000000000000000,752802412600923.625000000000000000000000000000000000000000000,1062275551912744.375000000000000000000000000000000000000000000,1348492572363867.500000000000000000000000000000000000000000000,423961684130938752.000000000000000000000000000000000000000000000,668457599869714176.000000000000000000000000000000000000000000000,862886932873666560.000000000000000000000000000000000000000000000
230.858315233127200372109655290842056274414062500,67.700000000000002842170943040400743484497070312,0.000000000000027158008641464845235679440900717,0.000000000000033765444838955551895084677310061,0.000000000000000000000000000000000000000000000,0.000000061434148397873821959822059415867734344,0.000000354952857409937555639657582456925055681,0.000000000000000000000000000000000000000000000,0.000000000000000000000000000000000000000000000,0.000000184527470251472891446881054340611871822,0.000000002106087071256027117354965488339214874,0.000000002627513497200702144724559114713317853,0.000000002921633274793657088334112437296927189,0.000000630864367510384875356490696346467572653,0.000000872215942661489540903253184916943396843,0.000001095829351876958212137465678570613647480,0.243296048864292402402753623391618020832538605,-1.000000000000000000000000000000000000000000000,2262099.627808040939271450042724609375000000000000000,13069913.738446455448865890502929687500000000000000000,-1.000000000000000000000000000000000000000000000,-1.000000000000000000000000000000000000000000000,6794586.655066004022955894470214843750000000000000000,77548.392485296353697776794433593750000000000000000,96748.122216163334087468683719635009765625000000000,107578.068604201980633661150932312011718750000000000,23229403.476555813103914260864257812500000000000000000,32116342.807689584791660308837890625000000000000000000,40350135.357341244816780090332031250000000000000000000
230.858315233127200372109655290842056274414062500,110.126406871192841663287254050374031066894531250,0.000000000000000000000000377168899496876900627,0.000000000000000000000000462692585255060943944,0.000000000000000000000000000000000000000000000,0.000000000000000000000000000000000000000000000,0.000000000000000000000000000000000000000000000,0.000000000000000000000000000000000000000000000,0.000000000000000000000000000000000000000000000,0.000000000000000000000000000000000000000000000,0.000000000278602519714898146481369030775772713,0.000000000408312819920434539888300507135790625,0.000000000529537619130365955215015402778380715,0.000000158503294469445863437245770530270583265,0.000000243717784114900677365912577687634410495,0.000000318435992888752818086718458789885488613,0.226751691012350320431067984827677719295024872,-1.000000000000000000000000000000000000000000000,-1.000000000000000000000000000000000000000000000,-1.000000000000000000000000000000000000000000000,-1.000000000000000000000000000000000000000000000,-1.000000000000000000000000000000000000000000000,-1.000000000000000000000000000000000000000000000,738667796010059.750000000000000000000000000000000000000000000,1082572875083554.000000000000000000000000000000000000000000000,1403980073215846.750000000000000000000000000000000000000000000,420244868229805696.000000000000000000000000000000000000000000000,646176777671772928.000000000000000000000000000000000000000000000,844279560996491008.000000000000000000000000000000000000000000000
163.716673906749122124892892315983772277832031250,50.729437251522867313724418636411428451538085938,0.000000656000415615772909506508807353508672122,0.000000657851464153333286951816881449328633380,0.000044232586846469144187775357490721717113047,0.000079127183136461483954800233409088150438038,0.000132725064605362035692268096731538662425010,0.000042072263217335812367746183948469251845381,0.000067537054112039082557662761363559411620372,0.000109178753232121454781744507300800250959583,0.000020333709519170565474966566599235306966875,0.000009123957234317345017359651704325074206281,0.000006448725014152737067686226718477016106590,0.000052695305185217676221306332129401539532410,0.000044528292769013965595771564753846405437798,0.000042764403609264356345785046409346819018538,0.002821718543917006889742982167490481515415013,66.427681131800824232414015568792819976806640625,119.620629580221475407597608864307403564453125000,201.324665420792399572746944613754749298095703125,63.134506954303560632979497313499450683593750000,101.952761163487295448248914908617734909057617188,165.430920824398839386049075983464717864990234375,29.996488775214821487224980955943465232849121094,12.908462581922128364908530784305185079574584961,8.830367269050375611527670116629451513290405273,79.328158231048931270379398483783006668090820312,66.878452069601593166225939057767391204833984375,64.189598346705864173600275535136461257934570312
163.716673906749122124892892315983772277832031250,67.700000000000002842170943040400743484497070312,0.000035816409113594852768689552613423643379065,0.000035117248912526064419294818952366199482640,0.000262692418549308464182506783757276025426108,0.000322344976643643903006786199938460413250141,0.000364481976428096630243880227340014243964106,0.000256031864973918651083584219207978094345890,0.000301910007265191067653969936301905363507103,0.000342698266835360343916805359043564749299549,0.001225054490667727745759063573416369763435796,0.000541956047544039356753109437647708546137437,0.000306520413719677236458194258261755749117583,0.000363909446971117278742113843037486731191166,0.000351415556218855203943901566177032691484783,0.000313868355043824822595693868620969624316785,-0.019520667157093784388477430979946802835911512,6.334415287589457932426739716902375221252441406,7.999924465383974947485512529965490102767944336,9.176396390607177266929284087382256984710693359,6.148451542472931130589586246060207486152648926,7.429376778326863828283421753440052270889282227,8.568191656189290128509128408040851354598999023,33.203721729399532591742172371596097946166992188,14.131501480932348258079400693532079458236694336,7.558100080539093212905754626262933015823364258,9.160411274534721925988378643523901700973510742,8.811579801434316294717064010910689830780029297,7.763255804018879935313179885270074009895324707
163.716673906749122124892892315983772277832031250,84.670562748477138370617467444390058517456054688,0.000000656000415615772909506508807353508672122,0.000000657553397552696088077298607055265478039,0.000044724060033652136034003354847499167590286,0.000075871173271374169749803328954840253572911,0.000129257448229126503192257247043528423091630,0.000043456219244221869972381877555989149186644,0.000067260262906661871036735622642055432152119,0.000107702533470109660003466434119445693795569,0.000049180467591224447825894172670047055362375,0.000015720773759779964562311935227789660984854,0.000009434334344181406184471315456985252012601,0.000058957801633169578726413606606371331508853,0.000050532308018179298138381622118586733449774,0.000048316462267778258351212661292350958319730,0.002367349013743211359056539677681030298117548,67.176877588820815390135976485908031463623046875,114.657203052463913195424538571387529373168945312,196.038668196262335641222307458519935607910156250,65.244194683063554407453921157866716384887695312,101.530823617735308062037802301347255706787109375,163.180587247054830868364661000669002532958984375,73.970177488469772697499138303101062774658203125,22.964578962992312938240502262488007545471191406,13.381598120369494253623088297899812459945678711,88.874640670505058892558736260980367660522460938,76.030908541034605718778038863092660903930664062,72.653097037178966388637491036206483840942382812
182.900000000000005684341886080801486968994140625,50.729437251522867313724418636411428451538085938,0.000035816409113595049280333315611102307229885,0.000036754206732658539996758811918553533359955,0.000284071502191768528178261732364262570627034,0.000331498664754927105813991916605232290748972,0.000366502477308737885201839201698703618603759,0.000285094941538525643940499287865009137021843,0.000341352754031443465440598394877724786056206,0.000399102163575560623266086368587934884999413,0.002840125991526699922307130918852635659277439,0.000821546294839996206135768197498236986575648,0.000447226181191632773427591107662237845943309,0.000491174522541678150802657576434739894466475,0.000357078788473353379330499368649043390178122,0.000321894583800527104427979807610427087638527,0.026183462895154531457908575475812540389597416,6.931322799301559811624429130461066961288452148,8.255496934479067405732166662346571683883666992,9.232809105634833812814576958771795034408569336,6.959897393240083829368813894689083099365234375,8.530624718653722737826683442108333110809326172,10.142997677678161849712523689959198236465454102,78.296782168167055715457536280155181884765625000,21.937706910661709969190269475802779197692871094,11.486628119899277677973259415011852979660034180,12.713672997867336178501318499911576509475708008,8.969698172165863070404157042503356933593750000,7.987349423545188287221208156552165746688842773
182.900000000000005684341886080801486968994140625,84.670562748477138370617467444390058517456054688,0.000035816409113595049280333315611102307229885,0.000036561910703477715678302167878754858065804,0.000278911033726347086687813447980488490429707,0.000330085679341776065242458626514121533546131,0.000362761820272956185887136548728904017480090,0.000281773447073999105689373623206961383402813,0.000339761204600524512747794503297882329206914,0.000395719159954283593565865784213997358165216,0.001120985668546851466223501780916649295249954,0.000555793632286489939532680981670864639454521,0.000342599137216676678102666997460801212582737,0.000351695329240401502630952723649215840850957,0.000287875114836629996274003362444204867642839,0.000286970984111989380581364539324340512393974,0.020814526311619886006498703068245959002524614,6.787241675784834171736292773857712745666503906,8.216046150659014557504633557982742786407470703,9.128369349434880319904550560750067234039306641,6.867160724580976705055945785716176033020019531,8.486188398254565612432998022995889186859130859,10.048543663303144413134759815875440835952758789,30.298103195983209445785178104415535926818847656,14.517849109991431078015011735260486602783203125,8.565423941023563969565657316707074642181396484,8.819391109950952767349008354358375072479248047,7.037520286403013969334097055252641439437866211,7.012276808706156216999261232558637857437133789
202.083326093250889243790879845619201660156250000,50.729437251522867313724418636411428451538085938,0.000000656000415615772909506508807353508672122,0.000000672285003663344560458146707826454502310,0.000043741113659286159117810938168346979182388,0.000076546948903750776762103247286006535432534,0.000128765975041943511346029249686750972614391,0.000040411515985072563570974085722653512675606,0.000066845076098596053755344914559799462949741,0.000106533859491850349575717271655150852893712,0.000028253889677688899892014570691678443381534,0.000008241241496067468441351702712616145163338,0.000006235323604538082665365607282215165696471,0.000048513468201384300478116312627108186461555,0.000046369165627369434020364769022393147679395,0.000046779403459823954358146741450141803397855,0.024824051418146756559091059557431435678154230,65.678484674780804652982624247670173645019531250,115.687348180866408142719592433422803878784179688,195.289471739242316061790916137397289276123046875,60.602881679791586577721318462863564491271972656,100.897917299107305666439060587435960769653320312,161.399073164990852546907262876629829406738281250,42.069926489555051318802725290879607200622558594,11.562860174915588373778518871404230594635009766,8.505060448300360675943920796271413564682006836,72.953410770091949189009028486907482147216796875,69.684658917241293352162756491452455520629882812,70.310021070509790774849534500390291213989257812
202.083326093250889243790879845619201660156250000,67.700000000000002842170943040400743484497070312,0.000035816409113594852768689552613423643379065,0.000036097670615664111755296200589882005260733,0.000291443599999513405871681692715924327785615,0.000328365523186635566675606323627789606689475,0.000363553638185639879914362593282817215367686,0.000286755688770788858855953495918811313458718,0.000313535237891033897322801138329850800801069,0.000342729021413735643851461443176731336279772,0.000873608461821936597112292499645036514266394,0.000407425165567945255212095601038413406058680,0.000221015279624116664633146078777770071610576,0.000339682165837340555285955856490431870042812,0.000298974868033383698109894943684139434481040,0.000260923569782477366481993064084576872119214,0.007852867136323309765755240619000687729567289,7.137152975754065487024035974172875285148620605,8.168019109486820639176585245877504348754882812,9.150477035053905083827885391656309366226196289,7.006265727569681800446232955437153577804565430,7.753955118633743204270558635471388697624206543,8.569050329047247060998415690846741199493408203,23.391291127237558100659953197464346885681152344,10.375377254480230959643449750728905200958251953,5.170782752764173650916745827998965978622436523,8.483981623060230958799365907907485961914062500,7.347427210951241072223183437017723917961120605,6.285028740735443264497916970867663621902465820
202.083326093250889243790879845619201660156250000,84.670562748477138370617467444390058517456054688,0.000000656000415615772909506508807353508672122,0.000000671369686774220706337000519337010473464,0.000051113211467031009706176586382397886154649,0.000078697144097676372865614313756310593817034,0.000129639705152491055417662835225200979039073,0.000048161669735634425170561767615140524867456,0.000070512559569844092855102346550921765810926,0.000106841405275602806821191870234599718969548,0.000048573902755616548516329894491505569931178,0.000014410045851894203876352243409719733335805,0.000008847269856184371866650133220399965239267,0.000067925334802491893872525285935637384682195,0.000054467937270062240597869041014433832970099,0.000050849599192440660187612688769576152481022,0.023428752166293746739267334078249405138194561,76.916431530080927814196911640465259552001953125,118.965082680328961828308820258826017379760742188,196.621376551722335079830372706055641174316406250,72.417132960847496292444702703505754470825195312,106.488589780321262878715060651302337646484375000,161.867892660270854321424849331378936767578125000,73.045536556590903387586877215653657913208007812,20.966519393692479411583917681127786636352539062,12.486683309308023837047585402615368366241455078,102.544652084910467237932607531547546386718750000,82.030339575218718550786434207111597061157226562,76.514583805117368342507688794285058975219726562
173.308336953374578115472104400396347045898437500,59.214718625761435077947680838406085968017578125,0.000264649456202604928430066610900439627585001,0.000263754818967424687920636516835770635225344,0.000738929936929626262134829239869304728927091,0.000704096774788031776019792129517327339272015,0.000643174577626806783479940232695071244961582,0.000728237661347437927918113675929134842590429,0.000713844518667822928829902462410927910241298,0.000654580446138724797097707686077683320036158,0.009519696425268283496157195600062550511211157,0.002843051673405236172420540441407865728251636,0.002065763876670634498211587271043754299171269,0.001023986665652090472661273068410991982091218,0.000829857365841823449090219888546471338486299,0.000754808947837216524454073685035382368369028,-0.003380461263805956215883208315631236473564059,1.792108276103660191580502214492298662662506104,1.660488273397409786369394169014412909746170044,1.430288680186890148959832913533318787813186646,1.751706622778504751636319269891828298568725586,1.697320935061103597263354458846151828765869141,1.473386703797360031131802315940149128437042236,34.970965373835454670370381791144609451293945312,9.742707406996185426351075875572860240936279297,6.805660764665122819394582620589062571525573730,2.869218854045812783226665487745776772499084473,2.135685135156742298079279862577095627784729004,1.852108440605920502974868213641457259654998779
173.308336953374578115472104400396347045898437500,67.700000000000002842170943040400743484497070312,0.000719391807707108225586334349088701856089756,0.000713144421969912544953529298652483703335747,0.001140217794264538047482870908311269886326045,0.000989704130689747106283671307380700454814360,0.000811558752368890371810261630258764853351749,0.001142870887002497533660450024228794063674286,0.001002814537081629479853273068101771059446037,0.000841260736876464827217747544096937417634763,0.214566777902561123259062014767550863325595856,0.009403447563203531228692710897121287416666746,0.005378219384861215000837031396940801641903818,0.003563679744235255606593648636248872207943350,0.001435192875000944378108269638971705717267469,0.001301235963783743980123897010514610883546993,-0.008684260329719150489635737244498159270733595,0.584974671728210604548792161949677392840385437,0.375751183272708733085210042190738022327423096,0.128117868002337154109682160196825861930847168,0.588662638020759132473358477000147104263305664,0.393975475308600220358812293852679431438446045,0.169405500401491881934390448805061168968677521,297.261358558477525093621807172894477844238281250,12.071385387574546044220369367394596338272094727,6.476064263232328421793226880254223942756652832,3.953739681292234742215896403649821877479553223,0.995008644281456300362265210424084216356277466,0.808800086188257494335118735762080177664756775
173.308336953374578115472104400396347045898437500,76.185281374238570606394205242395401000976562500,0.000264649456202604928430066610900439627585001,0.000263858871307067681215297039187817063066177,0.000711898911634561764802398009521766653051600,0.000692424286592435841644621596913111716276035,0.000639242792129342957130333502391295041888952,0.000700558540809716884245617052329180296510458,0.000696614266133091714940095418029386564739980,0.000651351215409323941810115776718248525867239,0.008622687202861994970604087029641959816217422,0.005897025996465165773030570051105314632877707,0.003660895371913977427297259836791454290505499,0.000993591973664197060031599839646787586389109,0.001055712461129539384008246827306720660999417,0.001023183395481252989586695711921038309810683,-0.002987290837023281932921525694268893857952207,1.689969296931261411032210162375122308731079102,1.616382805118419696555065456777811050415039062,1.415432101398177433537739489111118018627166748,1.647118761783502804973977617919445037841796875,1.632214991591714792207312711980193853378295898,1.461184786681276381870020486530847847461700439,31.581541358848710387974279001355171203613281250,21.282403603167203698376397369429469108581542969,12.832997900102782296016812324523925781250000000,2.754369980278906115955805944395251572132110596,2.989097413150656912250724417390301823616027832,2.866183630840130280859057165798731148242950439
182.900000000000005684341886080801486968994140625,59.214718625761435077947680838406085968017578125,0.000719391807707107141384161863584267848636955,0.000722104584170972984766279090251828165492043,0.001134320116018342362168569437130827282089740,0.000999472160285009170871406425362692971248180,0.000813033171930439184718619749503432103665546,0.001129584909144391597496381862697489850688726,0.001039350976191421183775220882239409547764808,0.000879273395748268434338190679966373863862827,0.016865546399219753098686069847644830588251352,0.005087276260538899433361059720937191741541028,0.003889610075838277006982091066333850903902203,0.001392224553134543442445281158370562479831278,0.001055917251053522772433201915021072636591271,0.001184312759254042748263691109400497225578874,0.003770930437076013864994283864007229567505419,0.576776526874446693327058710565324872732162476,0.389329360686761938303845909103984013199806213,0.130167404215780629916920929645129945129156113,0.570194290569806083723847223154734820127487183,0.444763430798731096427189868336427025496959686,0.222245494497284035162465443136170506477355957,22.444173562352244033490933361463248729705810547,6.071634964475618900792142085265368223190307617,4.406803405553779029446559434290975332260131836,0.935279965964490145324816694483160972595214844,0.467791598043090950387323800896410830318927765,0.646269455067555620431107854528818279504776001
182.900000000000005684341886080801486968994140625,76.185281374238570606394205242395401000976562500,0.000719391807707107141384161863584267848636955,0.000721876422095315607198318108572721030213870,0.001138497638109397819966561726801046461332589,0.001001376618885343365919493585636246280046180,0.000808500696981974062427234173355827806517482,0.001153112161601454414144862781199663004372269,0.001041357712430406035064578418314340524375439,0.000870877395851826297326625514472198119619861,0.010664762036338497688814364039444626541808248,0.008909876553122048764565832357220642734318972,0.005517741069879856727342648525791446445509791,0.001201370635722670467820938355885118653532118,0.001388390383386577022623020738478771818336099,0.001415394723552689491830047785470014787279069,0.003453770756894626505623113743581598100718111,0.582583546145864605847464190446771681308746338,0.391976678295790748052240815013647079467773438,0.123866978078163714194204203522531315684318542,0.602898655847540210217516687407623976469039917,0.447552920778302554261074419628130272030830383,0.210574524927582829025851651749690063297748566,13.824692083066565828630700707435607910156250000,11.385290543577628596949580241926014423370361328,6.670008207997758731266912946011871099472045898,0.669980979560718004073294196132337674498558044,0.929950228112474852615321196935838088393211365,0.967487964679398459999504211737075820565223694
192.491663046625433253211667761206626892089843750,59.214718625761435077947680838406085968017578125,0.000264649456202604928430066610900439627585001,0.000266256887538385376024835382580135956231970,0.000725660160875685644916999184061978667159565,0.000701209369813331814119683471631105931010097,0.000640553387295164341000419661042997176991776,0.000720487507596876005332153791727023417479359,0.000704710408890375111269632757426961688906886,0.000651904797820078473272187302711699885549024,0.010021422016340474428486295721540955128148198,0.003641025125046849168081175562861062644515187,0.002560438425485546919124768550091175711713731,0.001053177309689235169667953506689173082122579,0.000862914795770056185578167351479805802227929,0.000806080586963503660513641335683132638223469,0.006073813106760382607429704648893675766885281,1.741967322691755359898024835274554789066314697,1.649577973349449333539951112470589578151702881,1.420384294327748264663568988908082246780395508,1.722422021699904437497252729372121393680572510,1.662806940932753052564407880709040910005569458,1.463276543901176340867209546559024602174758911,36.866777283942269605176988989114761352539062500,12.757916518292134355760936159640550613403320312,8.674829724665594099519694282207638025283813477,2.979518132404417762870707520050927996635437012,2.260595385880722840710177479195408523082733154,2.045842596957391457124231237685307860374450684
192.491663046625433253211667761206626892089843750,67.700000000000002842170943040400743484497070312,0.000719391807707108225586334349088701856089756,0.000720338987843695461622817166613685913034715,0.001125473598649048400516248236158389772754163,0.001003895418969655934857132528748024924425408,0.000810876150720024981878586434191902299062349,0.001113807810437890486593426331296541320625693,0.001015754525933013942273763774437611573375762,0.000841137718562963735899340456114714470459148,0.058250076311794560246504204314987873658537865,0.013259947746300501658645032421190990135073662,0.012290578870792981044934855106021132087334991,0.002059503308577970755871566765904390194918960,0.001652981112700334289516979069389890355523676,0.001616870791279244237020895624823424441274256,0.001316640148580475178086146570421988144516945,0.564479309593794109645159551291726529598236084,0.395477969327084621919965456982026807963848114,0.127169008644262337970332055192557163536548615,0.548263127971793329251681825553532689809799194,0.411962876211353967725870006688637658953666687,0.169234497184353405163648176312563009560108185,79.971281140179982571680739056318998336791992188,17.432163953275278345245169475674629211425781250,16.084680057681364218069575144909322261810302734,1.862839535443351568488878911011852324008941650,1.297748035203266869785920789581723511219024658,1.247552410184706861429049240541644394397735596
192.491663046625433253211667761206626892089843750,76.185281374238570606394205242395401000976562500,0.000264649456202604928430066610900439627585001,0.000266276751712969726552937554941991038504057,0.000705018287013999987375423295077325747115538,0.000699243477064599738314554233653552728355862,0.000641099468614256566209586019056132499827072,0.000691978013443023489727201624788222034112550,0.000698966991378797931552813160749337839661166,0.000654426673246848514264861762512737186625600,0.015322662112827123426228581593022681772708893,0.004683145128468945220245878147125040413811803,0.003457941248913273205728424741778326279018074,0.000958315689273507792869666310764387162635103,0.000878877469428754353776567231903982246876694,0.000899041510238375802047117169024659233400598,0.006148871543945370714279174961802709731273353,1.663970284051014214554697900894097983837127686,1.642149683955092864806601937743835151195526123,1.422447708048402814640098767995368689298629761,1.614696524875051775183010249747894704341888428,1.641104959776290117545727298420388251543045044,1.472805660125165339024988497840240597724914551,56.897954270107064189687662292271852493286132812,16.695653698542720633213320979848504066467285156,12.066118852199766209309927944559603929519653320,2.621075603268423037661705166101455688476562500,2.320911677052232668927445047302171587944030762,2.397103183730352693459053625701926648616790771
178.104168476687277689052280038595199584960937500,63.457359312880718960059311939403414726257324219,0.001186076575334122241295320421272663224954158,0.001181970113933781315468385386679983639623970,0.001417162935242153058365555118314205174101517,0.001207181016018220700083962704241002938942984,0.000913921695632725406867324924320428181090392,0.001434608817470075983052657520033790206070989,0.001246183204409540608986750598319304117467254,0.000973935987987273798713316885766744235297665,0.134647686295374491294296603882685303688049316,0.037340169624216504318248155414039501920342445,0.013003443673089401869114034582253225380554795,0.003092243205830061923700124992819837643764913,0.002305303228378191224279269988528540125116706,0.002103120900197685046867368541256837488617748,-0.003462222832606034941121952996923027967568487,0.194832580554871098721392286279296968132257462,0.017793489158280599571337887709887581877410412,-0.229458101914481987781968541639798786491155624,0.209541480967147031311270666265045292675495148,0.050676853691749491892526435776744619943201542,-0.178859098778750946756588291464140638709068298,112.523603024909021996791125275194644927978515625,30.482090111844293289777851896360516548156738281,9.963409904142388029413268668577075004577636719,1.607119363232483610914869132102467119693756104,0.943637768690254064019029556220630183815956116,0.773174636389077907239197884337045252323150635
178.104168476687277689052280038595199584960937500,67.700000000000002842170943040400743484497070312,0.001522952468866965811816749365448231401387602,0.001515806184800168624968175201672693219734356,0.001610066161211477168274663895886078535113484,0.001311189029255821220792954662215379357803613,0.000968775564135538149769522053844639231101610,0.001635836023779307186673537266585753968684003,0.001356899686560424349995868098517348698806018,0.001035537408472890497090901362753356806933880,0.116090419019258830890528599866229342296719551,0.029062441449080017585870905350020620971918106,0.015425154878652574258479646118757955264300108,0.002768647711715958685541050243728022905997932,0.002483867352275876284189992659889867354650050,0.002110625925960267750686183418906693987082690,-0.004692388116428513125666377447942068101838231,0.057200532600549046369220462793236947618424892,-0.139047963702170457311879658846009988337755203,-0.363883257068239152065558528192923404276371002,0.074121521990981098504391866299556568264961243,-0.109033463421271265003653638814284931868314743,-0.320046140873128048820461799550685100257396698,75.227210889665443005469569470733404159545898438,18.082960265136613031700107967481017112731933594,9.128454560455494970483414363116025924682617188,0.817947551426707386568182300834450870752334595,0.630955268173145511489963155327131971716880798,0.385877740183523165740098193055018782615661621
178.104168476687277689052280038595199584960937500,71.942640687119293829709931742399930953979492188,0.001186076575334121373933582432869116018991917,0.001182260835565261810828352473379254661267623,0.001429449764921728125571798173609749937895685,0.001201467640217218331780135720521229814039543,0.000910645207718172164032544024792059644823894,0.001429903366978663549827222034593887656228617,0.001237533479241503114876010727130051236599684,0.000969230537495861257067664151776398284710012,0.023585021818629581941140216372332361061125994,0.015080899353064902007615089019054721575230360,0.008371290863206285945419260485778067959472537,0.001784956210075032108711146072721476230071858,0.001657818521341796694917869459118264785502106,0.001578883586665154716358050457358785934047773,-0.003217110807356293820241655012637238542083651,0.205191801818569524717972285543510224670171738,0.012976451270661982367871090104927134234458208,-0.232220560918134172334603704257460776716470718,0.205574240917670458816957079761778004467487335,0.043384133012563774745018463363521732389926910,-0.182826338828227824562233649885456543415784836,18.884906513717812259756101411767303943634033203,11.714945785702385094850797031540423631668090820,6.057968294203996073576945491367951035499572754,0.504924932500420142744701479387003928422927856,0.397733127707023681463027742211124859750270844,0.331181830498910645399490704221534542739391327
182.900000000000005684341886080801486968994140625,63.457359312880718960059311939403414726257324219,0.001522952468866967112859356348053552210330963,0.001521948644751511259265441822208231315016747,0.001600482434061408637537837762465642299503088,0.001312417712223778402252927222093603631947190,0.000968993996663174866380840999369183919043280,0.001610371232884603943588675001308274659095332,0.001373299565479024200373436848110486607765779,0.001045932455963723443567725546188285079551861,0.078648923458698630217789116159110562875866890,0.035259810571331887119050918499851832166314125,0.013296959763944954727166170016516844043508172,0.002832154612965601808705073949568031821399927,0.002733459296630825954149690559802365896757692,0.001962251289296937026285228000688221072778106,-0.000659130298532956777554647764816309063462541,0.050907672287449468040421152181806974112987518,-0.138241186738953525381390363691025413572788239,-0.363739830052556611938996411481639370322227478,0.057400848552203322106013416714631603099405766,-0.098264986233799117565368419491278473287820816,-0.313220551957299586653959977411432191729545593,50.642401891380870893044630065560340881347656250,22.152272504974614975026270258240401744842529297,7.731040551671000571332115214318037033081054688,0.859647409135915863132026970561128109693527222,0.794842158576650303913879724859725683927536011,0.288452088565046171897421345420298166573047638
182.900000000000005684341886080801486968994140625,71.942640687119293829709931742399930953979492188,0.001522952468866965811816749365448231401387602,0.001522152518952469679031080929121344524901360,0.001624318883639783769184949946406959497835487,0.001313400658598144494365600465357601933646947,0.000964789170506165035846868338609283455298282,0.001644416551146000906452604439778042433317751,0.001362020323859903115498726222654113371390849,0.001038397584261788403683923753817452961811796,0.038340670811995457289977906611966318450868130,0.018794697091573060732105915349166025407612324,0.006578718372324481034052467975925537757575512,0.002434048160199917855417428569353432976640761,0.001982866865743859209614274874411421478725970,0.001525728741094995333932304859558826137799770,-0.000525262561274318661753979231576749953092076,0.066559145373874792350754603376117302104830742,-0.137595765168378542098182037989317905157804489,-0.366500800104456847527956142585026100277900696,0.079755661954046971895415651943039847537875175,-0.105671154088473898124966865452734054997563362,-0.318168094218772845582776653827750124037265778,24.175224831881887865847602370195090770721435547,11.340961044933852264193774317391216754913330078,3.319713521472448913840480599901638925075531006,0.598243024623599461975231861288193613290786743,0.301988674156755898536630411399528384208679199,0.001822953956071193771723559784447843412635848
187.695831523312733679631492123007774353027343750,63.457359312880718960059311939403414726257324219,0.001186076575334122241295320421272663224954158,0.001187321763410573551358884181183839245932177,0.001436330389542289902998772888054190843831748,0.001200177523100862944302469337287675443803892,0.000916051412777185020130943371441389899700880,0.001444850092069032863537070277004659146768972,0.001235249951797141214696051925159281381638721,0.000975196925700658927629871364217706286581233,0.037864621245930714377170289708374184556305408,0.027605020545617364735591081625898368656635284,0.016825766660664907142797019901081512216478586,0.002277166307065507742241061706067739578429610,0.002016683049849315664814319859488023212179542,0.002124894759404934770768980101252054737415165,0.001049837845503807237657056816715339664369822,0.210992965726239212198578343304689042270183563,0.011888733037973043399349037940737616736441851,-0.227662503562107765286981475583161227405071259,0.218176062251303759520482117295614443719387054,0.041458854753257813607891790752546512521803379,-0.177795982164185101259690213737485464662313461,30.924263604366444724291795864701271057128906250,22.274231293068854853345328592695295810699462891,13.186071127764261490256103570573031902313232422,0.919915083411896206122548846906283870339393616,0.700297511803745442726665260124718770384788513,0.791532522937099636273217129200929775834083557
187.695831523312733679631492123007774353027343750,67.700000000000002842170943040400743484497070312,0.001522952468866965811816749365448231401387602,0.001522746475409832763586726045446084754075855,0.001611786317366617395790973077396301960106939,0.001306458599829184727761366424658717733109370,0.000969895030839677081344052389511034562019631,0.001640818265476096885630008515022382198367268,0.001352609422877077815366986257572534668724984,0.001032277423165114558709087866361642227275297,0.048797701121245415367688735841511515900492668,0.018894970885043167740935388110301573760807514,0.013496476789872244306245363532070768997073174,0.002463283969935344420304490498097038653213531,0.002063960954613764005316500771414212067611516,0.002033051215905279894557988740189102827571332,-0.000135259281785755902920848070536408158659469,0.058330020349053865458266443511092802509665489,-0.142154055010558805216547284544503781944513321,-0.363148193612862935086837978815310634672641754,0.077392958098567832259107035497436299920082092,-0.111850533402804236393635051172168459743261337,-0.322186710178092250433934395914548076689243317,31.041512863201539573765330715104937553405761719,11.406802754061327931367486598901450634002685547,7.862047283664241881240286602405831217765808105,0.617439821853376202831498176237801089882850647,0.355236618874451071103948152085649780929088593,0.334940687556594673957022223476087674498558044
187.695831523312733679631492123007774353027343750,71.942640687119293829709931742399930953979492188,0.001186076575334121373933582432869116018991917,0.001187511830243871951279244214561003900598735,0.001443702487350034726482084224130630900617689,0.001196061435158205258841301876771012757671997,0.000914085520028453161166248630564723498537205,0.001461457564391665337952264103194011113373563,0.001237602677042847322888552419328789255814627,0.000969691856171489888725767425370349883451127,0.075322972361828832710273218253860250115394592,0.018103496063168987573188672968171886168420315,0.014863978302019154389967958707075013080611825,0.002937249244624196616720857022642121592070907,0.002084735178076554257264874081556627061218023,0.002172246057594613179164699801049209781922400,0.001210086211631423297463427957154635805636644,0.217208498484458611965663976661744527518749237,0.008418393914635105210186871715904999291524291,-0.229319978964298842871727401870884932577610016,0.232178085955342616841790004400536417961120605,0.043442474777997272528118344325775979086756706,-0.182437393725337820837850699717819225043058395,62.505994409012011203685688087716698646545410156,14.263345082141242414763837587088346481323242188,11.532056202047431980872715939767658710479736328,1.476441492655535148159628988651093095541000366,0.757673342034663965804952567850705236196517944,0.831455154556681619304470132192363962531089783
181.940833695337460085283964872360229492187500000,66.851471862576147486834088340401649475097656250,0.001916787992438087314187034060353198583470657,0.001912267679928567054581378670263802632689476,0.001798546128496153863676743078769959538476542,0.001426869530689017350616465407142641197424382,0.001021226674834345166803517557241320901084691,0.001816580680890625063006460493397753452882171,0.001486368772875614266415489339578925864771008,0.001100060513904155485090385901969511905917898,0.082354561525379607611618837381683988496661186,0.046560651504737982087078762560850009322166443,0.010167725142043424618742974985252658370882273,0.003457154716279298069941949833605576714035124,0.002621893125835379582955209087913317489437759,0.001924201011804843510638596271178357710596174,-0.002358274638276819032411957266504032304510474,-0.061687502430320340085501129578915424644947052,-0.255593453048456764609142055633128620684146881,-0.467219807895718042267674263712251558899879456,-0.052278766323030870233345979158912086859345436,-0.224552335083753773492531990996212698519229889,-0.426091712675580214231274567282525822520256042,41.964877623543280549256451195105910301208496094,23.290976199988850936506423749960958957672119141,4.304564293054879087208064447622746229171752930,0.803618725658813537471303334314143285155296326,0.367857653626274871960788459546165540814399719,0.003867417469225342772226605703167479077819735
181.940833695337460085283964872360229492187500000,67.700000000000002842170943040400743484497070312,0.001936052032027017061333040714998787734657526,0.001931429891883400164903639151248171401675791,0.001802723650587209538315169865541065519209951,0.001429204028328136602543629862793750362470746,0.001024066297693624434314574322968383057741448,0.001813812768836852839376971857632270257454365,0.001489967058545517853557216270132812496740371,0.001100183532217656467988575741401291452348232,0.066996782229911053252457975304423598572611809,0.023273350782884574816655742779403226450085640,0.016441021637979565117593239165216800756752491,0.002742497312265128675545788894396537216380239,0.002283415743991281353364453110543763614259660,0.002187917043390068174563145575461931002791971,-0.002387404918439738846919206949337421974632889,-0.068866114770797209887476242329285014420747757,-0.261794618798658174085858263424597680568695068,-0.471054351456947795195873140983167104423046112,-0.063138418373075183565035217725380789488554001,-0.230409599588320468388502604284440167248249054,-0.431738654737609972578127326414687559008598328,33.604845903736610068790469085797667503356933594,11.021035797533670574921416118741035461425781250,7.492035010425863283956005034269765019416809082,0.416541119193875875037491596231120638549327850,0.179418582877950927301213823739090003073215485,0.130092067360065899439547365545877255499362946
181.940833695337460085283964872360229492187500000,68.548528137423858197507797740399837493896484375,0.001916787992438087314187034060353198583470657,0.001912359154613917783249732451622548978775740,0.001795843025966647327207326156894851010292768,0.001424412164753102120334782298982645443174988,0.001020380248789752022572918654930163029348478,0.001823777252230432454130348851606413518311456,0.001485330805855449628344322476891647966112942,0.001096154682450499549123401621386619808617979,0.040202253085049655112470645690336823463439941,0.020383408397943947321095947700086981058120728,0.016019917171616465667582929199852515012025833,0.002318670360957820163194664786487919627688825,0.002059463083023346970101830066823822562582791,0.002088945328865957941355535609773141914047301,-0.002310551736363932601170390057632175739854574,-0.063097727525724983665966760781884659081697464,-0.256875475862461011278270461843931116163730621,-0.467661393531652869182124732105876319110393524,-0.048524271111145891866023305283306399360299110,-0.225093848816237201981849125331791583448648453,-0.428129408794851173958306844724575057625770569,19.973760918605186986951594008132815361022949219,9.634148626952198313233566295821219682693481445,7.357688609703616933188641269225627183914184570,0.209664485642229531103808426450996194034814835,0.074434465965003110410336262248165439814329147,0.089815533646416895185993212180619593709707260
182.900000000000005684341886080801486968994140625,66.851471862576147486834088340401649475097656250,0.001936052032027017495013909709200561337638646,0.001932381997654427545699218349284365103812888,0.001811815904550094806155224880228615802479908,0.001429326896624932147217279521100863348692656,0.001023301783846895492494089019430703046964481,0.001817687845712133692249734551182882569264621,0.001490659036558961017884805677624626696342602,0.001103074462584929674516254216598554194206372,0.204845003462371305635869589423236902803182602,0.034325784451353556769870323250870569609105587,0.014989573454751280862096152191043074708431959,0.004670639700527881230107674070950452005490661,0.002680443176592962710447221041931697982363403,0.002122428127297493281183671243184107879642397,-0.001895627964475346148229273346430545643670484,-0.064169828817487534200481036350538488477468491,-0.261731155474964949370075828483095392584800720,-0.471449234359929025828250814811326563358306885,-0.061136882871354401858265958935589878819882870,-0.230052182534441790329182708774169441312551498,-0.430245445712516716429973939739284105598926544,104.805525922721017195726744830608367919921875000,16.729784057205829839176658424548804759979248047,6.742340188583372473374311084626242518424987793,1.412455669199030650062809399969410151243209839,0.384489224593090928028260577775654383003711700,0.096266057000205268456838325619173701852560043
182.900000000000005684341886080801486968994140625,68.548528137423858197507797740399837493896484375,0.001936052032027017495013909709200561337638646,0.001932469973664247778893932050436887948308140,0.001806409699491081950056825533579285547602922,0.001427668174618189475197360671643309615319595,0.001022673790329939281715243559744976664660498,0.001826268373078827195188367227274284232407808,0.001489967058545517853557216270132812496740371,0.001098645803298894290181419997054490522714332,0.037948937794713505367028005821339320391416550,0.029489100239506415429557861784815031569451094,0.019253343384041006480789093302519177086651325,0.002267869414498884482467300216512740007601678,0.002577213018670311463903521698171061871107668,0.002432386879955436564948456634738249704241753,-0.001850187031915232274692506564406357938423753,-0.066962215059996041399692501272511435672640800,-0.262587910344825536945734256732976064085960388,-0.471773602458806173842731368495151400566101074,-0.056704911403258152768902533580330782569944859,-0.230409599588320496144078219913353677839040756,-0.432532914857340577974298412300413474440574646,18.601197264818104315509117441251873970031738281,14.231563899980404386269583483226597309112548828,8.944641500095968922323663718998432159423828125,0.171388669820231542839650273890583775937557220,0.331169295058670654086085960443597286939620972,0.256364415686061941634932281885994598269462585
183.859166304662551283399807289242744445800781250,66.851471862576147486834088340401649475097656250,0.001916787992438087314187034060353198583470657,0.001913962811454780711326040254505187476752326,0.001804689543335941072019212860766401718137786,0.001423244915933542711211634568257977662142366,0.001021226674834344949963083060140434099594131,0.001806616197497045665093517996524496993515640,0.001484569630040662472844625874301982548786327,0.001100091268482530785025041986102678492898121,0.028535231183124808163054098031352623365819454,0.022731476018527801280511013715113222133368254,0.015822046153766044368493837168898608069866896,0.002049801180222484038584429555385213461704552,0.002102508037985310537787420059885334922000766,0.002267552548524632335252837478378751256968826,-0.001473914170191110333332784598781017848523334,-0.058482445395309813618300864845878095366060734,-0.257484436699112972934955223536235280334949493,-0.467219807895718042267674263712251558899879456,-0.057477298154871639401797267510119127109646797,-0.225490958886725045839938275094027630984783173,-0.426075667824247439341434073867276310920715332,13.887004350871894331476141815073788166046142578,10.859149842447710199166976963169872760772705078,7.254458091445448175704768800642341375350952148,0.069393792276008753328042644170636776834726334,0.096891281810980986466397268941364018246531487,0.182996010758803173690267840356682427227497101
183.859166304662551283399807289242744445800781250,67.700000000000002842170943040400743484497070312,0.001936052032027017061333040714998787734657526,0.001933140058902876141574966872838103881804273,0.001805918226303898687160054414846399595262483,0.001425210808682274678596546557685087464051321,0.001023793257034078538550425641062702197814360,0.001827098746694958992381474516264461271930486,0.001488306311313254692851870686354232020676136,0.001101106169568913948145216785690081451321021,0.053206488254160563822203755535156233236193657,0.031104120661984223372709124078028253279626369,0.026369981079438293419814343110374466050416231,0.002359142657053698612090730790669113048352301,0.002321137999340512278467762996569945244118571,0.002599182073759977954635624897150592005345970,-0.001504077925577371622339883927566006605047733,-0.067216068354769425985395514544507022947072983,-0.263857176818692917841246980970026925206184387,-0.471195381065155349809003837435739114880561829,-0.056276010938603536482016664876937284134328365,-0.231267400517629340139791338515351526439189911,-0.431262098665771642647115413637948222458362579,26.481951607702502116126197506673634052276611328,15.065746244133055853353653219528496265411376953,12.620491930596164920075352711137384176254272461,0.218532672690470913812177400359360035508871078,0.198902695249526029197539855886134319007396698,0.342516642509175517350428208374069072306156158
183.859166304662551283399807289242744445800781250,68.548528137423858197507797740399837493896484375,0.001916787992438087314187034060353198583470657,0.001914047647561303508445540444427024340257049,0.001801003494432069310798860684030842094216496,0.001420541813404036391582652143483755935449153,0.001020571377251434149607822732264139631297439,0.001824054043435809719861384614603139198152348,0.001483254871815120569042423248617978970287368,0.001096000909558623049450121200720786873716861,0.122967123003791825586183961149799870327115059,0.027325119030413336923546196999268431682139635,0.022100349103075282719554905952463741414248943,0.003236808514752549052057029044249247817788273,0.002494790707691670224310787062904637423343956,0.002523236918343635393213730822026263922452927,-0.001429654655389488594058322590285570186097175,-0.060405479616316135049736146811483195051550865,-0.258894661794517588759845239110291004180908203,-0.467561680646119248727643480378901585936546326,-0.048379867449150307234795320709963561967015266,-0.226176876281204031204907778374035842716693878,-0.428209633051515325963265468089957721531391144,63.152698936402416052260377909988164901733398438,13.255681451581263985417535877786576747894287109,10.529887076851107252650763257406651973724365234,0.688662766838100681709988748480100184679031372,0.301547545964320873324027161288540810346603394,0.316388107760507353294343602101434953510761261
182.900000000000005684341886080801486968994140625,67.700000000000002842170943040400743484497070312,0.001955509678432531747716005554593721171841025,0.001951744170102704106078972401405735581647605,0.001815256216860375694868712237450836255447939,0.001431661394264051399144443976751972513739020,0.001026141406706174976845580282258652005111799,0.001832911362007880271690618556590379739645869,0.001498409190309522940470765561826738121453673,0.001104120118249687920730650603218236938118935,0.060249451064986470072426527622155845165252686,0.025546525274754629253326498883325257338583469,0.013352486168996331034053426378704898525029421,0.002561235776645455659850103558028422412462533,0.002423848191384636151929354852541109721641988,0.002165919626493830428548559297041720128618181,-0.001925589206413821918850715064763789996504784,-0.071722202717287700246551196414657169952988625,-0.267883248007434460191689140629023313522338867,-0.475256288412392813302886906967614777386188507,-0.062693791688580108312223160282883327454328537,-0.233750051541245618125230976147577166557312012,-0.435379875422190643075026628139312379062175751,29.810101187164839586785092251375317573547363281,12.063870537951942196741583757102489471435546875,5.828136069210977154853026149794459342956542969,0.309753567007887420370337849817587994039058685,0.239496903603928057435723530943505465984344482,0.107598520417427082063177579129842342808842659
